SchoolName,NCESID,Lat,Long,N,E,S,W,N_window_area,E_window_area,S_window_area,W_window_area,NE,SE,SW,NW,NE_window_area,SE_window_area,SW_window_area,NW_window_area,N_house_area,E_house_area,S_house_area,W_house_area,NE_house_area,SE_house_area,SW_house_area,NW_house_area,N_ratio,E_ratio,S_ratio,W_ratio,NE_ratio,SE_ratio,SW_ratio,NW_ratio
Another Course To College,250279000698,42.265168,-71.117736,5,0,2,9,21476.0,0.0,3421.0,16626.5,0,0,0,0,0.0,0.0,0.0,0.0,38080.0,0.0,43010.0,48930.0,0.0,0.0,0.0,0.0,0.5639705882352941,0.0,0.07953964194373402,0.3398017576129164,0.0,0.0,0.0,0.0
Baldwin Early Learning Center,250279000011,42.342017,-71.140534,0,0,0,0,0.0,0.0,0.0,0.0,28,57,0,37,10177.0,28196.0,0.0,22289.5,0.0,0.0,0.0,0.0,115787.0,275012.0,0.0,198134.0,0.0,0.0,0.0,0.0,0.08789415046594178,0.10252643521009992,0.0,0.11249709792362744
Beethoven,250279000198,42.26365,-71.155682,0,0,0,0,0.0,0.0,0.0,0.0,0,6,0,0,0.0,7467.0,0.0,0.0,0.0,0.0,0.0,0.0,0.0,48763.0,0.0,0.0,0.0,0.0,0.0,0.0,0.0,0.15312839653015606,0.0,0.0
Blackstone,250279000201,42.340724,-71.071883,0,0,0,0,0.0,0.0,0.0,0.0,11,0,0,9,142714.5,0.0,0.0,10709.0,0.0,0.0,0.0,0.0,518412.0,0.0,0.0,14196.0,0.0,0.0,0.0,0.0,0.27529165991527976,0.0,0.0,0.7543674274443505
Boston Adult Academy,250279001511,42.348671,-71.068159,0,20,17,0,0.0,71048.5,17147.0,0.0,0,0,0,0,0.0,0.0,0.0,0.0,0.0,127512.0,79990.0,0.0,0.0,0.0,0.0,0.0,0.0,0.5571906957776523,0.2143642955369421,0.0,0.0,0.0,0.0,0.0
Boston Arts Academy,250279001128,42.301041,-71.061835,0,0,0,0,0.0,0.0,0.0,0.0,0,0,22,18,0.0,0.0,29733.0,14588.0,0.0,0.0,0.0,0.0,0.0,0.0,343620.0,158700.0,0.0,0.0,0.0,0.0,0.0,0.0,0.08652872359001222,0.09192186515437933
Boston Community Leadership Academy,250279001692,42.262966,-71.117887,0,12,0,12,0.0,10965.5,0.0,11750.5,0,0,0,0,0.0,0.0,0.0,0.0,0.0,56840.0,0.0,62678.0,0.0,0.0,0.0,0.0,0.0,0.19291871921182266,0.0,0.1874740738377102,0.0,0.0,0.0,0.0
Boston Day And Evening Academy Charter School,250004901245,42.326972,-71.08183100000001,0,0,0,0,0.0,0.0,0.0,0.0,0,0,14,0,0.0,0.0,11123.0,0.0,0.0,0.0,0.0,0.0,0.0,0.0,72345.0,0.0,0.0,0.0,0.0,0.0,0.0,0.0,0.15374939525882922,0.0
Boston Green Academy Horace Mann Charter School,250052602703,42.35033,-71.145551,25,41,36,27,49624.0,7948.5,19000.5,27853.5,0,0,0,0,0.0,0.0,0.0,0.0,111339.0,81458.0,76752.0,122248.0,0.0,0.0,0.0,0.0,0.445701865473913,0.09757789290186354,0.24755706691682303,0.22784421831032,0.0,0.0,0.0,0.0
Boston International High School,250279002015,42.281267,-71.080897,12,0,22,0,71128.5,0.0,18255.0,0.0,0,0,0,0,0.0,0.0,0.0,0.0,336005.0,0.0,106000.0,0.0,0.0,0.0,0.0,0.0,0.21168881415455126,0.0,0.17221698113207548,0.0,0.0,0.0,0.0,0.0
Boston Latin,250279000203,42.337819,-71.101493,43,9,36,6,23118.0,14395.0,71155.5,2124.0,0,0,0,0,0.0,0.0,0.0,0.0,77000.0,74224.0,128870.0,55200.0,0.0,0.0,0.0,0.0,0.30023376623376624,0.19393996550980816,0.5521494529370684,0.03847826086956522,0.0,0.0,0.0,0.0
Boston Latin Academy,250279000204,42.316113,-71.084459,0,0,0,0,0.0,0.0,0.0,0.0,0,0,0,0,0.0,0.0,0.0,0.0,0.0,0.0,0.0,0.0,0.0,0.0,0.0,0.0,0.0,0.0,0.0,0.0,0.0,0.0,0.0,0.0
Boston Teachers Union School,250279002687,42.294637,-71.115939,0,0,0,0,0.0,0.0,0.0,0.0,8,0,18,20,4212.5,0.0,112708.0,18500.0,0.0,0.0,0.0,0.0,27035.0,0.0,177000.0,86940.0,0.0,0.0,0.0,0.0,0.15581653412243388,0.0,0.6367683615819208,0.21279043018173452
Brighton High,250279000208,42.349019,-71.14556999999999,13,24,0,0,18837.0,11787.0,0.0,0.0,0,0,0,0,0.0,0.0,0.0,0.0,195822.0,114436.0,0.0,0.0,0.0,0.0,0.0,0.0,0.09619450317124736,0.1030008039428152,0.0,0.0,0.0,0.0,0.0,0.0
Carter School,250279000210,42.340559000000006,-71.083843,0,0,0,0,0.0,0.0,0.0,0.0,7,4,14,10,5928.5,51678.5,15335.0,28008.5,0.0,0.0,0.0,0.0,95000.0,158760.0,145776.0,218336.0,0.0,0.0,0.0,0.0,0.062405263157894734,0.32551335348954397,0.10519564262978817,0.1282816393082222
Charles H Taylor,250279000213,42.277842,-71.077454,0,0,13,0,0.0,0.0,13834.0,0.0,0,0,0,0,0.0,0.0,0.0,0.0,0.0,0.0,64368.0,0.0,0.0,0.0,0.0,0.0,0.0,0.0,0.2149204573701218,0.0,0.0,0.0,0.0,0.0
Charles Sumner,250279000214,42.286424,-71.126867,0,0,0,0,0.0,0.0,0.0,0.0,14,0,0,0,13993.0,0.0,0.0,0.0,0.0,0.0,0.0,0.0,120048.0,0.0,0.0,0.0,0.0,0.0,0.0,0.0,0.11656170864987338,0.0,0.0,0.0
Charlestown High,250279000215,42.380122,-71.060936,3,3,0,0,19684.5,28644.0,0.0,0.0,0,0,0,0,0.0,0.0,0.0,0.0,124000.0,106560.0,0.0,0.0,0.0,0.0,0.0,0.0,0.15874596774193547,0.2688063063063063,0.0,0.0,0.0,0.0,0.0,0.0
Clarence R Edwards Middle,250279000216,42.379056,-71.067297,0,0,0,0,0.0,0.0,0.0,0.0,0,5,27,0,0.0,7258.5,22331.5,0.0,0.0,0.0,0.0,0.0,0.0,56364.0,98440.0,0.0,0.0,0.0,0.0,0.0,0.0,0.12877900787736854,0.226853921170256,0.0
Community Academy,250279001617,42.30897,-71.103453,13,0,40,0,35935.0,0.0,39317.5,0.0,0,0,0,0,0.0,0.0,0.0,0.0,59766.0,0.0,144320.0,0.0,0.0,0.0,0.0,0.0,0.6012615868554028,0.0,0.27243278824833705,0.0,0.0,0.0,0.0,0.0
Community Academy Of Science And Health,250279001902,42.300956,-71.06130300000001,0,0,0,0,0.0,0.0,0.0,0.0,0,0,0,0,0.0,0.0,0.0,0.0,0.0,0.0,0.0,0.0,0.0,0.0,0.0,0.0,0.0,0.0,0.0,0.0,0.0,0.0,0.0,0.0
Condon K-8,250279000254,42.338158,-71.05292299999999,0,0,0,0,0.0,0.0,0.0,0.0,2,2,9,0,32882.5,48762.0,28935.0,0.0,0.0,0.0,0.0,0.0,307180.0,120980.0,399223.0,0.0,0.0,0.0,0.0,0.0,0.10704635718471255,0.40305835675318236,0.07247828907653116,0.0
Curley K-8 School,250279002622,42.318546999999995,-71.11305300000001,5,0,0,0,25203.0,0.0,0.0,0.0,0,0,0,0,0.0,0.0,0.0,0.0,96196.0,0.0,0.0,0.0,0.0,0.0,0.0,0.0,0.26199634080419143,0.0,0.0,0.0,0.0,0.0,0.0,0.0
Curley K-8 School,250279002622,42.318546999999995,-71.11305300000001,0,0,0,0,0.0,0.0,0.0,0.0,0,0,0,0,0.0,0.0,0.0,0.0,0.0,0.0,0.0,0.0,0.0,0.0,0.0,0.0,0.0,0.0,0.0,0.0,0.0,0.0,0.0,0.0
Curtis Guild,250279000218,42.388492,-71.004144,11,1,8,0,26000.0,2275.5,31094.0,0.0,0,0,0,0,0.0,0.0,0.0,0.0,450378.0,36375.0,342859.0,0.0,0.0,0.0,0.0,0.0,0.05772928517822807,0.06255670103092784,0.09069034209398033,0.0,0.0,0.0,0.0,0.0
Dante Alighieri Montessori School,250279002835,42.371486,-71.03790699999999,0,0,0,0,0.0,0.0,0.0,0.0,15,0,0,0,53128.0,0.0,0.0,0.0,0.0,0.0,0.0,0.0,158824.0,0.0,0.0,0.0,0.0,0.0,0.0,0.0,0.334508638492923,0.0,0.0,0.0
David A Ellis,250279000220,42.316138,-71.092972,0,0,0,17,0.0,0.0,0.0,50218.5,0,0,0,0,0.0,0.0,0.0,0.0,0.0,0.0,0.0,220113.0,0.0,0.0,0.0,0.0,0.0,0.0,0.0,0.2281487236101457,0.0,0.0,0.0,0.0
Dearborn,250279000222,42.326458,-71.080826,0,8,31,0,0.0,8685.0,157675.0,0.0,0,0,0,0,0.0,0.0,0.0,0.0,0.0,37642.0,510374.0,0.0,0.0,0.0,0.0,0.0,0.0,0.23072631634875937,0.3089401105855706,0.0,0.0,0.0,0.0,0.0
Dennis C Haley,250279000223,42.286598,-71.10748199999999,0,0,0,0,0.0,0.0,0.0,0.0,0,0,0,5,0.0,0.0,0.0,24471.5,0.0,0.0,0.0,0.0,0.0,0.0,0.0,197096.0,0.0,0.0,0.0,0.0,0.0,0.0,0.0,0.12416030766732962
Donald Mckay,250279000224,42.369184999999995,-71.034242,0,0,0,0,0.0,0.0,0.0,0.0,26,46,0,52,18744.5,34868.5,0.0,74880.0,0.0,0.0,0.0,0.0,114000.0,81856.0,0.0,250635.0,0.0,0.0,0.0,0.0,0.16442543859649122,0.42597366106333073,0.0,0.298761146687414
Dr. Catherine Ellison-Rosa Parks Early Ed School,250279001115,42.27174,-71.09181,0,0,0,8,0.0,0.0,0.0,30672.5,0,0,0,0,0.0,0.0,0.0,0.0,0.0,0.0,0.0,219304.0,0.0,0.0,0.0,0.0,0.0,0.0,0.0,0.13986292999671687,0.0,0.0,0.0,0.0
Dr. William Henderson Lower,250279000303,42.293932,-71.062302,0,15,4,0,0.0,33339.5,47421.0,0.0,0,0,0,0,0.0,0.0,0.0,0.0,0.0,205409.0,151840.0,0.0,0.0,0.0,0.0,0.0,0.0,0.16230788329625284,0.312309009483667,0.0,0.0,0.0,0.0,0.0
Dr. William Henderson Upper,250279000952,42.281275,-71.06959599999999,0,14,20,0,0.0,49101.5,57576.5,0.0,0,0,0,0,0.0,0.0,0.0,0.0,0.0,271825.0,268034.0,0.0,0.0,0.0,0.0,0.0,0.0,0.18063643888531225,0.21481043449711604,0.0,0.0,0.0,0.0,0.0
Dudley Street Neighborhood Charter School,250054302763,42.323551,-71.072817,0,0,11,13,0.0,0.0,28632.0,35942.5,0,0,0,0,0.0,0.0,0.0,0.0,0.0,0.0,97660.0,228780.0,0.0,0.0,0.0,0.0,0.0,0.0,0.2931804218718001,0.15710507911530727,0.0,0.0,0.0,0.0
East Boston Early Childhood Center,250279001118,42.369748,-71.034033,24,43,0,0,69184.0,70049.0,0.0,0.0,0,0,0,0,0.0,0.0,0.0,0.0,113500.0,304535.0,0.0,0.0,0.0,0.0,0.0,0.0,0.6095506607929515,0.23001953798413977,0.0,0.0,0.0,0.0,0.0,0.0
East Boston High,250279000226,42.381258,-71.034937,0,17,22,0,0.0,27959.5,22839.5,0.0,0,0,0,0,0.0,0.0,0.0,0.0,0.0,163494.0,74385.0,0.0,0.0,0.0,0.0,0.0,0.0,0.1710123918920572,0.3070444310008738,0.0,0.0,0.0,0.0,0.0
Edison K-8,250279002689,42.345538,-71.160232,5,0,0,0,16283.5,0.0,0.0,0.0,0,0,0,0,0.0,0.0,0.0,0.0,189572.0,0.0,0.0,0.0,0.0,0.0,0.0,0.0,0.08589612390015403,0.0,0.0,0.0,0.0,0.0,0.0,0.0
Edward Everett,250279000227,42.313656,-71.05979599999999,0,0,0,0,0.0,0.0,0.0,0.0,26,0,0,0,27569.5,0.0,0.0,0.0,0.0,0.0,0.0,0.0,141746.0,0.0,0.0,0.0,0.0,0.0,0.0,0.0,0.19449931567733833,0.0,0.0,0.0
Edward M. Kennedy Academy For Health Careers (Horace Mann,250005401258,42.341482,-71.091491,0,0,0,0,0.0,0.0,0.0,0.0,17,6,0,0,8442.5,10922.5,0.0,0.0,0.0,0.0,0.0,0.0,112950.0,135604.0,0.0,0.0,0.0,0.0,0.0,0.0,0.07474546259406817,0.08054703401079615,0.0,0.0
Elc - West Zone,250279002514,42.325918,-71.106639,1,0,0,0,10760.5,0.0,0.0,0.0,0,0,0,0,0.0,0.0,0.0,0.0,144727.0,0.0,0.0,0.0,0.0,0.0,0.0,0.0,0.0743503285496141,0.0,0.0,0.0,0.0,0.0,0.0,0.0
Eliot Elementary,250279000230,42.366137,-71.05343,2,0,0,0,26370.5,0.0,0.0,0.0,0,0,0,0,0.0,0.0,0.0,0.0,155480.0,0.0,0.0,0.0,0.0,0.0,0.0,0.0,0.16960702341137124,0.0,0.0,0.0,0.0,0.0,0.0,0.0
Eliot Elementary,250279000230,42.366137,-71.05343,0,0,0,0,0.0,0.0,0.0,0.0,0,0,0,0,0.0,0.0,0.0,0.0,0.0,0.0,0.0,0.0,0.0,0.0,0.0,0.0,0.0,0.0,0.0,0.0,0.0,0.0,0.0,0.0
Ellis Mendell,250279000232,42.316614,-71.101517,0,5,0,0,0.0,5781.5,0.0,0.0,0,0,0,0,0.0,0.0,0.0,0.0,0.0,183195.0,0.0,0.0,0.0,0.0,0.0,0.0,0.0,0.03155926744725566,0.0,0.0,0.0,0.0,0.0,0.0
Excel High School,250279002016,42.332874,-71.04476600000001,33,65,53,0,21166.5,48979.0,74496.0,0.0,0,0,0,0,0.0,0.0,0.0,0.0,76318.0,136444.0,180295.0,0.0,0.0,0.0,0.0,0.0,0.277346104457664,0.3589677816540119,0.4131894949943149,0.0,0.0,0.0,0.0,0.0
Fenway High School,250279000695,42.330621,-71.09915600000001,0,0,42,0,0.0,0.0,27308.5,0.0,0,0,0,0,0.0,0.0,0.0,0.0,0.0,0.0,84816.0,0.0,0.0,0.0,0.0,0.0,0.0,0.0,0.32197344840596115,0.0,0.0,0.0,0.0,0.0
Franklin D Roosevelt,250279000239,42.243207,-71.12424399999999,0,5,7,4,0.0,32308.0,11826.5,22284.5,0,0,0,0,0.0,0.0,0.0,0.0,0.0,253828.0,63081.0,215180.0,0.0,0.0,0.0,0.0,0.0,0.12728304205997762,0.1874811749972258,0.10356213402732596,0.0,0.0,0.0,0.0
Franklin D Roosevelt,250279000239,42.243207,-71.12424399999999,0,0,0,0,0.0,0.0,0.0,0.0,0,0,0,0,0.0,0.0,0.0,0.0,0.0,0.0,0.0,0.0,0.0,0.0,0.0,0.0,0.0,0.0,0.0,0.0,0.0,0.0,0.0,0.0
Gardner Pilot Academy,250279000331,42.360715,-71.134091,0,0,44,21,0.0,0.0,158351.0,44437.0,0,0,0,0,0.0,0.0,0.0,0.0,0.0,0.0,273960.0,197664.0,0.0,0.0,0.0,0.0,0.0,0.0,0.5780077383559644,0.22481079002752144,0.0,0.0,0.0,0.0
George H Conley,250279000241,42.274782,-71.127158,0,0,3,0,0.0,0.0,2625.5,0.0,0,0,0,0,0.0,0.0,0.0,0.0,0.0,0.0,48685.0,0.0,0.0,0.0,0.0,0.0,0.0,0.0,0.05392831467597823,0.0,0.0,0.0,0.0,0.0
Greater Egleston Community High School,250279000837,42.314052000000004,-71.099189,0,0,0,0,0.0,0.0,0.0,0.0,5,0,0,0,166707.5,0.0,0.0,0.0,0.0,0.0,0.0,0.0,1810733.0,0.0,0.0,0.0,0.0,0.0,0.0,0.0,0.09206630684921521,0.0,0.0,0.0
Harvard-Kent,250279000244,42.37656,-71.057454,0,11,1,0,0.0,417832.0,32778.0,0.0,0,0,0,0,0.0,0.0,0.0,0.0,0.0,1354608.0,805662.0,0.0,0.0,0.0,0.0,0.0,0.0,0.30845233454992144,0.040684555061551865,0.0,0.0,0.0,0.0,0.0
Haynes Early Education Center,250279001126,42.315102,-71.07880899999999,4,5,2,0,72582.0,115702.0,247630.5,0.0,0,0,0,0,0.0,0.0,0.0,0.0,697380.0,407721.0,1047757.0,0.0,0.0,0.0,0.0,0.0,0.10407812096704809,0.28377738698767047,0.23634344604712734,0.0,0.0,0.0,0.0,0.0
Henry Grew,250279000247,42.256827,-71.127155,0,0,0,0,0.0,0.0,0.0,0.0,26,0,5,0,286740.0,0.0,214372.5,0.0,0.0,0.0,0.0,0.0,804074.0,0.0,1052940.0,0.0,0.0,0.0,0.0,0.0,0.3566089688262523,0.0,0.20359422189298534,0.0
Higginson,250279002806,42.317640999999995,-71.09200200000001,0,24,0,0,0.0,317321.5,0.0,0.0,1,0,0,7,2166.0,0.0,0.0,178979.5,0.0,918981.0,0.0,0.0,89488.0,0.0,0.0,710015.0,0.0,0.3452971280146162,0.0,0.0,0.024204362596102272,0.0,0.0,0.2520784772152701
Higginson/Lewis K-8,250279002677,42.32076,-71.08694799999999,0,0,0,0,0.0,0.0,0.0,0.0,0,0,0,0,0.0,0.0,0.0,0.0,0.0,0.0,0.0,0.0,0.0,0.0,0.0,0.0,0.0,0.0,0.0,0.0,0.0,0.0,0.0,0.0
Horace Mann School For The Deaf,250279002374,42.352795,-71.137633,0,8,0,0,0.0,37574.5,0.0,0.0,0,0,0,0,0.0,0.0,0.0,0.0,0.0,453992.0,0.0,0.0,0.0,0.0,0.0,0.0,0.0,0.08276467426738797,0.0,0.0,0.0,0.0,0.0,0.0
Hugh Roe O'Donnell,250279000249,42.378054999999996,-71.03801700000001,23,0,19,0,231881.0,0.0,20400.0,0.0,0,0,0,0,0.0,0.0,0.0,0.0,1123510.0,0.0,235607.0,0.0,0.0,0.0,0.0,0.0,0.20638979626349566,0.0,0.08658486377739201,0.0,0.0,0.0,0.0,0.0
Jackson Mann,250279000251,42.352795,-71.137633,1,0,1,0,13659.0,0.0,95613.5,0.0,0,0,0,0,0.0,0.0,0.0,0.0,677715.0,0.0,1741038.0,0.0,0.0,0.0,0.0,0.0,0.020154489719129722,0.0,0.05491752621137505,0.0,0.0,0.0,0.0,0.0
James J Chittick,250279000255,42.267207,-71.10471,0,0,0,0,0.0,0.0,0.0,0.0,37,0,6,34,242138.5,0.0,73100.5,303836.0,0.0,0.0,0.0,0.0,816000.0,0.0,405471.0,1467960.0,0.0,0.0,0.0,0.0,0.29673835784313723,0.0,0.18028539648951467,0.20697839178179242
James Otis,250279000257,42.375209999999996,-71.03400699999999,0,0,0,0,0.0,0.0,0.0,0.0,0,10,29,14,0.0,23986.5,25417.0,49179.5,0.0,0.0,0.0,0.0,0.0,86086.0,95480.0,113091.0,0.0,0.0,0.0,0.0,0.0,0.27863415654113327,0.2662023460410557,0.4348666118435596
James P Timilty Middle,250279000258,42.330669,-71.091171,11,0,13,0,8706.5,0.0,13344.5,0.0,0,0,0,0,0.0,0.0,0.0,0.0,114464.0,0.0,192796.0,0.0,0.0,0.0,0.0,0.0,0.07606321638244339,0.0,0.06921564762754415,0.0,0.0,0.0,0.0,0.0
James W Hennigan,250279000259,42.325918,-71.106639,0,0,2,0,0.0,0.0,7764.0,0.0,0,0,0,0,0.0,0.0,0.0,0.0,0.0,0.0,129847.0,0.0,0.0,0.0,0.0,0.0,0.0,0.0,0.059793449213304886,0.0,0.0,0.0,0.0,0.0
Jeremiah E Burke High,250279000261,42.306942,-71.081648,0,0,0,0,0.0,0.0,0.0,0.0,8,0,8,0,1954.5,0.0,12739.0,0.0,0.0,0.0,0.0,0.0,80514.0,0.0,81955.0,0.0,0.0,0.0,0.0,0.0,0.024275281317534838,0.0,0.15543896040510036,0.0
John D Philbrick,250279000264,42.28541,-71.117814,0,9,0,17,0.0,24374.0,0.0,23984.5,0,0,0,0,0.0,0.0,0.0,0.0,0.0,278078.0,0.0,106260.0,0.0,0.0,0.0,0.0,0.0,0.08765166607930149,0.0,0.2257152268021833,0.0,0.0,0.0,0.0
John F Kennedy,250279000265,42.321853999999995,-71.105531,10,6,0,5,42208.5,13549.5,0.0,33316.0,0,0,0,0,0.0,0.0,0.0,0.0,120500.0,21217.0,0.0,300762.0,0.0,0.0,0.0,0.0,0.35027800829875516,0.6386152613470331,0.0,0.1107719725231246,0.0,0.0,0.0,0.0
John W Mccormack,250279000269,42.31812,-71.04380400000001,7,8,0,0,173232.5,226722.5,0.0,0.0,0,0,0,0,0.0,0.0,0.0,0.0,424000.0,329868.0,0.0,0.0,0.0,0.0,0.0,0.0,0.4085672169811321,0.6873128039094426,0.0,0.0,0.0,0.0,0.0,0.0
John Winthrop,250279000270,42.318173,-71.075653,9,11,0,33,12587.5,10780.0,0.0,51024.5,0,0,0,0,0.0,0.0,0.0,0.0,0.0,62884.0,0.0,176015.0,0.0,0.0,0.0,0.0,0.0,0.17142675402328098,0.0,0.28988722552055224,0.0,0.0,0.0,0.0
Joseph J Hurley,250279000272,42.339033,-71.077862,0,0,0,0,0.0,0.0,0.0,0.0,13,0,9,5,52108.5,0.0,23361.0,36586.5,0.0,0.0,0.0,0.0,258077.0,0.0,76472.0,156636.0,0.0,0.0,0.0,0.0,0.20191067007133529,0.0,0.3054843602887331,0.23357657243545546
Joseph Lee,250279000273,42.292244000000004,-71.079963,6,3,0,0,37635.0,5661.0,0.0,0.0,0,0,0,0,0.0,0.0,0.0,0.0,200685.0,34645.0,0.0,0.0,0.0,0.0,0.0,0.0,0.1875327005007848,0.16340020204935776,0.0,0.0,0.0,0.0,0.0,0.0
Joseph P Manning,250279000274,42.30554,-71.13141999999999,14,0,0,0,18341.0,0.0,0.0,0.0,0,0,0,0,0.0,0.0,0.0,0.0,84162.0,0.0,0.0,0.0,0.0,0.0,0.0,0.0,0.2179249542548894,0.0,0.0,0.0,0.0,0.0,0.0,0.0
Joseph P Tynan,250279000275,42.334507,-71.039046,0,0,0,8,0.0,0.0,0.0,26285.5,0,0,0,0,0.0,0.0,0.0,0.0,0.0,0.0,0.0,309756.0,0.0,0.0,0.0,0.0,0.0,0.0,0.0,0.08485872751455985,0.0,0.0,0.0,0.0
Josiah Quincy,250279000277,42.34785,-71.064821,0,9,21,0,0.0,44532.5,125824.0,0.0,0,0,0,0,0.0,0.0,0.0,0.0,0.0,105399.0,752096.0,0.0,0.0,0.0,0.0,0.0,0.0,0.4225134963329823,0.16729779177126325,0.0,0.0,0.0,0.0,0.0
Joyce Kilmer,250279000278,42.271894,-71.162628,0,30,0,22,0.0,66536.5,0.0,66358.5,0,0,0,0,0.0,0.0,0.0,0.0,0.0,500858.0,0.0,142635.0,0.0,0.0,0.0,0.0,0.0,0.13284503791493796,0.0,0.465232937217373,0.0,0.0,0.0,0.0
Joyce Kilmer,250279000278,42.271894,-71.162628,0,0,0,0,0.0,0.0,0.0,0.0,0,0,0,0,0.0,0.0,0.0,0.0,0.0,0.0,0.0,0.0,0.0,0.0,0.0,0.0,0.0,0.0,0.0,0.0,0.0,0.0,0.0,0.0
King K-8,250279002669,42.311098,-71.076424,0,0,4,4,0.0,0.0,22522.0,76822.5,0,0,0,0,0.0,0.0,0.0,0.0,0.0,0.0,42018.0,467345.0,0.0,0.0,0.0,0.0,0.0,0.0,0.536008377362083,0.16438070376274486,0.0,0.0,0.0,0.0
Lee Academy,250279001768,42.2867,-71.072715,0,0,13,0,0.0,0.0,8362.5,0.0,0,0,0,0,0.0,0.0,0.0,0.0,0.0,0.0,81940.0,0.0,0.0,0.0,0.0,0.0,0.0,0.0,0.10205638271906273,0.0,0.0,0.0,0.0,0.0
Lilla G. Frederick Middle School,250279002013,42.30904,-71.0753,0,0,0,0,0.0,0.0,0.0,0.0,0,13,9,0,0.0,11365.5,39046.0,0.0,0.0,0.0,0.0,0.0,0.0,69930.0,289301.0,0.0,0.0,0.0,0.0,0.0,0.0,0.16252681252681253,0.13496669558694924,0.0
Lyndon,250279000692,42.282953000000006,-71.158517,0,0,0,0,0.0,0.0,0.0,0.0,9,11,0,0,44541.5,26388.5,0.0,0.0,0.0,0.0,0.0,0.0,190284.0,110432.0,0.0,0.0,0.0,0.0,0.0,0.0,0.23407906077231927,0.23895700521587945,0.0,0.0
Lyon K-8,250279002458,42.351033,-71.161516,0,7,9,8,0.0,15010.5,27362.0,14676.0,0,0,0,0,0.0,0.0,0.0,0.0,0.0,258366.0,164220.0,69344.0,0.0,0.0,0.0,0.0,0.0,0.05809781472794408,0.16661795152843747,0.21164051684356253,0.0,0.0,0.0,0.0
Lyon Upper 9-12,250279002674,42.352112,-71.160823,5,20,0,8,8514.5,65159.0,0.0,54485.5,0,0,0,0,0.0,0.0,0.0,0.0,70400.0,114660.0,0.0,249280.0,0.0,0.0,0.0,0.0,0.12094460227272727,0.5682801325658469,0.0,0.21857148587933248,0.0,0.0,0.0,0.0
Madison Park High,250279000282,42.331866999999995,-71.090468,5,0,22,0,32747.5,0.0,29144.5,0.0,0,0,0,0,0.0,0.0,0.0,0.0,52432.0,0.0,257298.0,0.0,0.0,0.0,0.0,0.0,0.624570872749466,0.0,0.11327138182185637,0.0,0.0,0.0,0.0,0.0
Manassah E Bradley,250279000283,42.391609,-71.005114,0,0,5,0,0.0,0.0,24649.0,0.0,0,0,0,0,0.0,0.0,0.0,0.0,0.0,0.0,55220.0,0.0,0.0,0.0,0.0,0.0,0.0,0.0,0.4463781238681637,0.0,0.0,0.0,0.0,0.0
Margarita Muniz Academy,250279002753,42.307189,-71.114194,4,0,9,0,18200.0,0.0,13069.5,0.0,0,0,0,0,0.0,0.0,0.0,0.0,311922.0,0.0,375925.0,0.0,0.0,0.0,0.0,0.0,0.05834792031341168,0.0,0.03476624326660903,0.0,0.0,0.0,0.0,0.0
Mario Umana Academy,250279002721,42.3784,-71.040683,0,3,0,0,0.0,20497.0,0.0,0.0,0,0,0,0,0.0,0.0,0.0,0.0,0.0,424560.0,0.0,0.0,0.0,0.0,0.0,0.0,0.0,0.048278217448652724,0.0,0.0,0.0,0.0,0.0,0.0
Mather,250279000289,42.308394,-71.061018,0,0,16,0,0.0,0.0,17794.5,0.0,0,0,0,0,0.0,0.0,0.0,0.0,0.0,0.0,142496.0,0.0,0.0,0.0,0.0,0.0,0.0,0.0,0.12487718953514484,0.0,0.0,0.0,0.0,0.0
Mattahunt Elementary School,250279002874,42.276004,-71.103212,0,0,0,0,0.0,0.0,0.0,0.0,0,0,0,0,0.0,0.0,0.0,0.0,0.0,0.0,0.0,0.0,0.0,0.0,0.0,0.0,0.0,0.0,0.0,0.0,0.0,0.0,0.0,0.0
Maurice J Tobin,250279000291,42.332988,-71.098446,9,0,0,0,14516.5,0.0,0.0,0.0,0,0,0,0,0.0,0.0,0.0,0.0,46072.0,0.0,0.0,0.0,0.0,0.0,0.0,0.0,0.3150829137002952,0.0,0.0,0.0,0.0,0.0,0.0,0.0
Michael J Perkins,250279000292,42.331311,-71.050521,0,0,0,0,0.0,0.0,0.0,0.0,3,0,26,0,40447.0,0.0,23872.0,0.0,0.0,0.0,0.0,0.0,302755.0,0.0,77233.0,0.0,0.0,0.0,0.0,0.0,0.133596472395171,0.0,0.3090906736757604,0.0
Mildred Avenue K-8,250279002670,42.276108,-71.09133299999999,0,0,0,25,0.0,0.0,0.0,40613.0,0,0,0,0,0.0,0.0,0.0,0.0,0.0,0.0,0.0,236092.0,0.0,0.0,0.0,0.0,0.0,0.0,0.0,0.17202192365687952,0.0,0.0,0.0,0.0
Mission Hill School,250279000946,42.307506,-71.114359,5,0,0,0,25652.5,0.0,0.0,0.0,0,0,0,0,0.0,0.0,0.0,0.0,368619.0,0.0,0.0,0.0,0.0,0.0,0.0,0.0,0.06959082413006383,0.0,0.0,0.0,0.0,0.0,0.0,0.0
Mozart,250279000294,42.281285,-71.141115,0,0,0,0,0.0,0.0,0.0,0.0,0,12,10,6,0.0,9612.0,12320.0,58621.5,0.0,0.0,0.0,0.0,0.0,28371.0,105570.0,191722.0,0.0,0.0,0.0,0.0,0.0,0.33879665855979696,0.11669982002462821,0.30576303188992393
Nathan Hale,250279000295,42.32548,-71.091144,0,0,0,0,0.0,0.0,0.0,0.0,0,0,8,0,0.0,0.0,10129.5,0.0,0.0,0.0,0.0,0.0,0.0,0.0,114754.0,0.0,0.0,0.0,0.0,0.0,0.0,0.0,0.08827143280408527,0.0
New Mission High School,250279000704,42.262966,-71.117887,0,8,0,22,0.0,6985.0,0.0,29556.0,0,0,0,0,0.0,0.0,0.0,0.0,0.0,43677.0,0.0,100198.0,0.0,0.0,0.0,0.0,0.0,0.15992398745335074,0.0,0.29497594762370505,0.0,0.0,0.0,0.0
O W Holmes,250279002569,42.296752000000005,-71.075664,0,0,1,8,0.0,0.0,3556.5,4221.0,12,0,0,0,11343.0,0.0,0.0,0.0,0.0,0.0,34261.0,21264.0,81012.0,0.0,0.0,0.0,0.0,0.0,0.10380607688041797,0.19850451467268623,0.1400162938823878,0.0,0.0,0.0
O'Bryant School Math/Science,250279000205,42.331358,-71.088923,0,0,37,0,0.0,0.0,26997.5,0.0,0,0,0,0,0.0,0.0,0.0,0.0,0.0,0.0,314160.0,0.0,0.0,0.0,0.0,0.0,0.0,0.0,0.08593551056786351,0.0,0.0,0.0,0.0,0.0
Oliver Hazard Perry,250279000297,42.332111,-71.030239,20,0,32,0,55788.5,0.0,84083.5,0.0,0,0,0,0,0.0,0.0,0.0,0.0,315986.0,0.0,436800.0,0.0,0.0,0.0,0.0,0.0,0.17655370807567425,0.0,0.1924988553113553,0.0,0.0,0.0,0.0,0.0
Orchard Gardens,250279002006,42.33048,-71.077399,0,0,0,0,0.0,0.0,0.0,0.0,0,20,0,26,0.0,34430.5,0.0,262288.5,0.0,0.0,0.0,0.0,0.0,319912.0,0.0,441324.0,0.0,0.0,0.0,0.0,0.0,0.10762490935007127,0.0,0.5943218587704272
Patrick J Kennedy,250279000302,42.378473,-71.030372,0,0,0,0,0.0,0.0,0.0,0.0,27,16,43,0,42376.5,21848.5,35649.0,0.0,0.0,0.0,0.0,0.0,131500.0,156000.0,135664.0,0.0,0.0,0.0,0.0,0.0,0.322254752851711,0.14005448717948718,0.262774206864017,0.0
Paul A Dever,250279000304,42.317521,-71.042985,0,0,0,0,0.0,0.0,0.0,0.0,0,0,0,9,0.0,0.0,0.0,43516.0,0.0,0.0,0.0,0.0,0.0,0.0,0.0,111000.0,0.0,0.0,0.0,0.0,0.0,0.0,0.0,0.39203603603603604
Pauline Agassiz Shaw Elementary School,250279002839,42.282104,-71.086906,0,0,0,0,0.0,0.0,0.0,0.0,0,0,18,0,0.0,0.0,10977.0,0.0,0.0,0.0,0.0,0.0,0.0,0.0,67086.0,0.0,0.0,0.0,0.0,0.0,0.0,0.0,0.1636257937572668,0.0
Phineas Bates,250279000308,42.277667,-71.135391,0,0,0,0,0.0,0.0,0.0,0.0,8,0,16,0,10665.5,0.0,74188.0,0.0,0.0,0.0,0.0,0.0,250690.0,0.0,167992.0,0.0,0.0,0.0,0.0,0.0,0.04254457696756951,0.0,0.4416162674413067,0.0
Quincy Upper School,250279001296,42.348369,-71.06893000000001,0,0,59,50,0.0,0.0,15926.0,65033.5,0,0,0,0,0.0,0.0,0.0,0.0,0.0,0.0,89770.0,389844.0,0.0,0.0,0.0,0.0,0.0,0.0,0.17740893394229698,0.1668192918192918,0.0,0.0,0.0,0.0
Rafael Hernandez,250279000312,42.313857,-71.09800899999999,0,0,0,0,0.0,0.0,0.0,0.0,0,0,4,29,0.0,0.0,6388.0,29571.0,0.0,0.0,0.0,0.0,0.0,0.0,56807.0,107500.0,0.0,0.0,0.0,0.0,0.0,0.0,0.11245093034309152,0.27507906976744184
Richard J Murphy,250279000315,42.294022,-71.04899999999999,0,0,0,1,0.0,0.0,0.0,14982.5,0,0,0,0,0.0,0.0,0.0,0.0,0.0,0.0,0.0,388064.0,0.0,0.0,0.0,0.0,0.0,0.0,0.0,0.03860832233858333,0.0,0.0,0.0,0.0
Roger Clap,250279000319,42.323175,-71.058142,0,0,26,0,0.0,0.0,30524.0,0.0,0,0,0,0,0.0,0.0,0.0,0.0,0.0,0.0,115000.0,0.0,0.0,0.0,0.0,0.0,0.0,0.0,0.26542608695652176,0.0,0.0,0.0,0.0,0.0
Samuel Adams,250279000321,42.365512,-71.034894,0,0,6,0,0.0,0.0,6972.0,0.0,0,0,0,0,0.0,0.0,0.0,0.0,0.0,0.0,98816.0,0.0,0.0,0.0,0.0,0.0,0.0,0.0,0.0705553756476684,0.0,0.0,0.0,0.0,0.0
Samuel W Mason,250279000322,42.326074,-71.071302,0,0,0,0,0.0,0.0,0.0,0.0,3,0,0,0,9663.0,0.0,0.0,0.0,0.0,0.0,0.0,0.0,13629.0,0.0,0.0,0.0,0.0,0.0,0.0,0.0,0.7090028615452344,0.0,0.0,0.0
Sarah Greenwood,250279000323,42.297136,-71.08039000000001,0,6,31,0,0.0,2771.5,60711.0,0.0,0,0,0,0,0.0,0.0,0.0,0.0,0.0,54412.0,136344.0,0.0,0.0,0.0,0.0,0.0,0.0,0.05093545541424686,0.4452781200492871,0.0,0.0,0.0,0.0,0.0
Snowden International School At Copley,250279000217,42.350586,-71.077915,8,0,0,0,3134.5,0.0,0.0,0.0,0,0,0,0,0.0,0.0,0.0,0.0,50578.0,0.0,0.0,0.0,0.0,0.0,0.0,0.0,0.06197358535331567,0.0,0.0,0.0,0.0,0.0,0.0,0.0
Techboston Academy,250279002725,42.285247999999996,-71.07583699999999,0,0,0,0,0.0,0.0,0.0,0.0,0,0,0,0,0.0,0.0,0.0,0.0,0.0,0.0,0.0,0.0,0.0,0.0,0.0,0.0,0.0,0.0,0.0,0.0,0.0,0.0,0.0,0.0
The English High,250279000327,42.306235,-71.109548,0,0,15,0,0.0,0.0,45884.5,0.0,0,0,0,0,0.0,0.0,0.0,0.0,0.0,0.0,169320.0,0.0,0.0,0.0,0.0,0.0,0.0,0.0,0.2709927947082447,0.0,0.0,0.0,0.0,0.0
Thomas J Kenny,250279000332,42.286516,-71.053475,26,0,31,0,19764.0,0.0,51234.0,0.0,0,0,0,0,0.0,0.0,0.0,0.0,96612.0,0.0,255636.0,0.0,0.0,0.0,0.0,0.0,0.20457086076263817,0.0,0.2004177815331174,0.0,0.0,0.0,0.0,0.0
Up Academy Charter School Of Boston,250053302713,42.333615,-71.050763,0,0,0,0,0.0,0.0,0.0,0.0,4,12,0,14,6978.5,37030.5,0.0,44872.0,0.0,0.0,0.0,0.0,46233.0,176220.0,0.0,154500.0,0.0,0.0,0.0,0.0,0.1509419678584561,0.2101378958120531,0.0,0.2904336569579288
Up Academy Charter School Of Dorchester,250054902783,42.299787,-71.07096700000001,0,0,5,0,0.0,0.0,18441.0,0.0,0,0,0,0,0.0,0.0,0.0,0.0,0.0,0.0,363165.0,0.0,0.0,0.0,0.0,0.0,0.0,0.0,0.05077857172359671,0.0,0.0,0.0,0.0,0.0
Up Academy Holland,250279000268,42.306346999999995,-71.073293,0,0,8,4,0.0,0.0,9900.5,17293.0,0,0,0,0,0.0,0.0,0.0,0.0,0.0,0.0,77572.0,231957.0,0.0,0.0,0.0,0.0,0.0,0.0,0.12762981488165834,0.07455261104428838,0.0,0.0,0.0,0.0
Warren-Prescott,250279000333,42.378049,-71.064433,0,0,0,0,0.0,0.0,0.0,0.0,0,14,9,0,0.0,39007.5,44143.5,0.0,0.0,0.0,0.0,0.0,0.0,368640.0,164500.0,0.0,0.0,0.0,0.0,0.0,0.0,0.10581461588541667,0.2683495440729483,0.0
Warren-Prescott,250279000333,42.378049,-71.064433,0,0,0,0,0.0,0.0,0.0,0.0,0,0,0,0,0.0,0.0,0.0,0.0,0.0,0.0,0.0,0.0,0.0,0.0,0.0,0.0,0.0,0.0,0.0,0.0,0.0,0.0,0.0,0.0
Washington Irving Middle,250279000334,42.283586,-71.12497900000001,0,6,0,6,0.0,10156.0,0.0,6460.0,0,0,0,0,0.0,0.0,0.0,0.0,0.0,35045.0,0.0,75537.0,0.0,0.0,0.0,0.0,0.0,0.2897988300756171,0.0,0.08552100295219561,0.0,0.0,0.0,0.0
William E Russell,250279000337,42.320318,-71.05963,0,0,0,0,0.0,0.0,0.0,0.0,0,0,0,0,0.0,0.0,0.0,0.0,0.0,0.0,0.0,0.0,0.0,0.0,0.0,0.0,0.0,0.0,0.0,0.0,0.0,0.0,0.0,0.0
William Ellery Channing,250279000338,42.2516,-71.133341,0,0,0,0,0.0,0.0,0.0,0.0,0,10,0,0,0.0,29244.0,0.0,0.0,0.0,0.0,0.0,0.0,0.0,168560.0,0.0,0.0,0.0,0.0,0.0,0.0,0.0,0.17349311817750357,0.0,0.0
William H Ohrenberger,250279000339,42.260498,-71.14918,0,7,0,0,0.0,22488.0,0.0,0.0,0,0,0,0,0.0,0.0,0.0,0.0,0.0,108300.0,0.0,0.0,0.0,0.0,0.0,0.0,0.0,0.20764542936288088,0.0,0.0,0.0,0.0,0.0,0.0
William Mckinley,250279000342,42.344398999999996,-71.073364,13,0,3,0,233969.5,0.0,10833.5,0.0,0,0,0,0,0.0,0.0,0.0,0.0,446558.0,0.0,70148.0,0.0,0.0,0.0,0.0,0.0,0.5239397793791624,0.0,0.15443776016422422,0.0,0.0,0.0,0.0,0.0
William Mckinley,250279000342,42.344398999999996,-71.073364,0,0,0,0,0.0,0.0,0.0,0.0,0,0,0,0,0.0,0.0,0.0,0.0,0.0,0.0,0.0,0.0,0.0,0.0,0.0,0.0,0.0,0.0,0.0,0.0,0.0,0.0,0.0,0.0
William Mckinley,250279000342,42.344398999999996,-71.073364,0,0,0,0,0.0,0.0,0.0,0.0,0,0,0,0,0.0,0.0,0.0,0.0,0.0,0.0,0.0,0.0,0.0,0.0,0.0,0.0,0.0,0.0,0.0,0.0,0.0,0.0,0.0,0.0
William Monroe Trotter,250279000343,42.315709999999996,-71.087889,0,3,0,0,0.0,58364.5,0.0,0.0,0,0,0,0,0.0,0.0,0.0,0.0,0.0,252696.0,0.0,0.0,0.0,0.0,0.0,0.0,0.0,0.23096724918479122,0.0,0.0,0.0,0.0,0.0,0.0
Winship Elementary,250279000344,42.347552,-71.155435,0,0,0,0,0.0,0.0,0.0,0.0,0,0,0,0,0.0,0.0,0.0,0.0,0.0,0.0,0.0,0.0,0.0,0.0,0.0,0.0,0.0,0.0,0.0,0.0,0.0,0.0,0.0,0.0
Young Achievers,250279000693,42.282270000000004,-71.095014,0,0,0,0,0.0,0.0,0.0,0.0,7,0,0,0,3525.5,0.0,0.0,0.0,0.0,0.0,0.0,0.0,69230.0,0.0,0.0,0.0,0.0,0.0,0.0,0.0,0.05092445471616351,0.0,0.0,0.0
